Workbook
Name HighPct: Library!$S:$S
Name LeaveData: ImportantDate!$F$3:$F$30
Name LibsPhase: Library!$H:$H
Name LibsTask: Library!$J:$J
Name LowPct: Library!$M:$M
Name MediumPct: Library!$P:$P
Name Resources: Library!$C$3:$C$9

Sheet WorkloadSummary
B3: Name | C3: First Task | E3: Second Task | G3: Third Task | I3: Forth Task | K3: Fifth Task
C4: Task Name | D4: Finish Date | E4: Task Name | F4: Finish Date | G4: Task Name | H4: Finish Date | I4: Task Name | J4: Finish Date | K4: Task Name | L4: Finish Date
B5: =Library!C3 -> Beatrix | C5: {=IFERROR(INDEX(_xlfn._xlws.FILTER(ResourceAllocation!A:A,(ResourceAllocation!B:B=WorkloadSummary!B5)*(ResourceAllocation!E:E<>"Completed")),1),"")} -> Project Alpha - Analysis | D5: {=IFERROR(INDEX(_xlfn._xlws.FILTER(ResourceAllocation!G:G,(ResourceAllocation!B:B=WorkloadSummary!B5)*(ResourceAllocation!E:E<>"Completed")),1),"")} -> 46129 | E5: {=IFERROR(INDEX(_xlfn._xlws.FILTER(ResourceAllocation!A:A,(ResourceAllocation!B:B=WorkloadSummary!B5)*(ResourceAllocation!E:E<>"Completed")),2),"")} | F5: {=IFERROR(INDEX(_xlfn._xlws.FILTER(ResourceAllocation!G:G,(ResourceAllocation!B:B=WorkloadSummary!B5)*(ResourceAllocation!E:E<>"Completed")),2),"")} | G5: {=IFERROR(INDEX(_xlfn._xlws.FILTER(ResourceAllocation!A:A,(ResourceAllocation!B:B=WorkloadSummary!B5)*(ResourceAllocation!E:E<>"Completed")),3),"")} | H5: {=IFERROR(INDEX(_xlfn._xlws.FILTER(ResourceAllocation!G:G,(ResourceAllocation!B:B=WorkloadSummary!B5)*(ResourceAllocation!E:E<>"Completed")),3),"")} | I5: {=IFERROR(INDEX(_xlfn._xlws.FILTER(ResourceAllocation!A:A,(ResourceAllocation!B:B=WorkloadSummary!B5)*(ResourceAllocation!E:E<>"Completed")),4),"")} | J5: {=IFERROR(INDEX(_xlfn._xlws.FILTER(ResourceAllocation!G:G,(ResourceAllocation!B:B=WorkloadSummary!B5)*(ResourceAllocation!E:E<>"Completed")),4),"")} | K5: {=IFERROR(INDEX(_xlfn._xlws.FILTER(ResourceAllocation!A:A,(ResourceAllocation!B:B=WorkloadSummary!B5)*(ResourceAllocation!E:E<>"Completed")),5),"")} | L5: {=IFERROR(INDEX(_xlfn._xlws.FILTER(ResourceAllocation!G:G,(ResourceAllocation!B:B=WorkloadSummary!B5)*(ResourceAllocation!E:E<>"Completed")),5),"")}
B6: =Library!C4 -> Herindra | C6: {=IFERROR(INDEX(_xlfn._xlws.FILTER(ResourceAllocation!A:A,(ResourceAllocation!B:B=WorkloadSummary!B6)*(ResourceAllocation!E:E<>"Completed")),1),"")} | D6: {=IFERROR(INDEX(_xlfn._xlws.FILTER(ResourceAllocation!G:G,(ResourceAllocation!B:B=WorkloadSummary!B6)*(ResourceAllocation!E:E<>"Completed")),1),"")} | F6: {=IFERROR(INDEX(_xlfn._xlws.FILTER(ResourceAllocation!G:G,(ResourceAllocation!B:B=WorkloadSummary!B6)*(ResourceAllocation!E:E<>"Completed")),2),"")} | G6: {=IFERROR(INDEX(_xlfn._xlws.FILTER(ResourceAllocation!A:A,(ResourceAllocation!B:B=WorkloadSummary!B6)*(ResourceAllocation!E:E<>"Completed")),3),"")} | H6: {=IFERROR(INDEX(_xlfn._xlws.FILTER(ResourceAllocation!G:G,(ResourceAllocation!B:B=WorkloadSummary!B6)*(ResourceAllocation!E:E<>"Completed")),3),"")} | I6: {=IFERROR(INDEX(_xlfn._xlws.FILTER(ResourceAllocation!A:A,(ResourceAllocation!B:B=WorkloadSummary!B6)*(ResourceAllocation!E:E<>"Completed")),4),"")} | J6: {=IFERROR(INDEX(_xlfn._xlws.FILTER(ResourceAllocation!G:G,(ResourceAllocation!B:B=WorkloadSummary!B6)*(ResourceAllocation!E:E<>"Completed")),4),"")} | K6: {=IFERROR(INDEX(_xlfn._xlws.FILTER(ResourceAllocation!A:A,(ResourceAllocation!B:B=WorkloadSummary!B6)*(ResourceAllocation!E:E<>"Completed")),5),"")}
B7: =Library!C5 -> Care BA | C7: {=IFERROR(INDEX(_xlfn._xlws.FILTER(ResourceAllocation!A:A,(ResourceAllocation!B:B=WorkloadSummary!B7)*(ResourceAllocation!E:E<>"Completed")),1),"")} | D7: {=IFERROR(INDEX(_xlfn._xlws.FILTER(ResourceAllocation!G:G,(ResourceAllocation!B:B=WorkloadSummary!B7)*(ResourceAllocation!E:E<>"Completed")),1),"")} | E7: {=IFERROR(INDEX(_xlfn._xlws.FILTER(ResourceAllocation!A:A,(ResourceAllocation!B:B=WorkloadSummary!B7)*(ResourceAllocation!E:E<>"Completed")),2),"")} | F7: {=IFERROR(INDEX(_xlfn._xlws.FILTER(ResourceAllocation!G:G,(ResourceAllocation!B:B=WorkloadSummary!B7)*(ResourceAllocation!E:E<>"Completed")),2),"")} | G7: {=IFERROR(INDEX(_xlfn._xlws.FILTER(ResourceAllocation!A:A,(ResourceAllocation!B:B=WorkloadSummary!B7)*(ResourceAllocation!E:E<>"Completed")),3),"")} | H7: {=IFERROR(INDEX(_xlfn._xlws.FILTER(ResourceAllocation!G:G,(ResourceAllocation!B:B=WorkloadSummary!B7)*(ResourceAllocation!E:E<>"Completed")),3),"")} | I7: {=IFERROR(INDEX(_xlfn._xlws.FILTER(ResourceAllocation!A:A,(ResourceAllocation!B:B=WorkloadSummary!B7)*(ResourceAllocation!E:E<>"Completed")),4),"")} | J7: {=IFERROR(INDEX(_xlfn._xlws.FILTER(ResourceAllocation!G:G,(ResourceAllocation!B:B=WorkloadSummary!B7)*(ResourceAllocation!E:E<>"Completed")),4),"")} | K7: {=IFERROR(INDEX(_xlfn._xlws.FILTER(ResourceAllocation!A:A,(ResourceAllocation!B:B=WorkloadSummary!B7)*(ResourceAllocation!E:E<>"Completed")),5),"")}
B8: =Library!C6 -> Azdan | C8: {=IFERROR(INDEX(_xlfn._xlws.FILTER(ResourceAllocation!A:A,(ResourceAllocation!B:B=WorkloadSummary!B8)*(ResourceAllocation!E:E<>"Completed")),1),"")} | D8: {=IFERROR(INDEX(_xlfn._xlws.FILTER(ResourceAllocation!G:G,(ResourceAllocation!B:B=WorkloadSummary!B8)*(ResourceAllocation!E:E<>"Completed")),1),"")} | E8: {=IFERROR(INDEX(_xlfn._xlws.FILTER(ResourceAllocation!A:A,(ResourceAllocation!B:B=WorkloadSummary!B8)*(ResourceAllocation!E:E<>"Completed")),2),"")} | F8: {=IFERROR(INDEX(_xlfn._xlws.FILTER(ResourceAllocation!G:G,(ResourceAllocation!B:B=WorkloadSummary!B8)*(ResourceAllocation!E:E<>"Completed")),2),"")} | G8: {=IFERROR(INDEX(_xlfn._xlws.FILTER(ResourceAllocation!A:A,(ResourceAllocation!B:B=WorkloadSummary!B8)*(ResourceAllocation!E:E<>"Completed")),3),"")} | H8: {=IFERROR(INDEX(_xlfn._xlws.FILTER(ResourceAllocation!G:G,(ResourceAllocation!B:B=WorkloadSummary!B8)*(ResourceAllocation!E:E<>"Completed")),3),"")} | I8: {=IFERROR(INDEX(_xlfn._xlws.FILTER(ResourceAllocation!A:A,(ResourceAllocation!B:B=WorkloadSummary!B8)*(ResourceAllocation!E:E<>"Completed")),4),"")} | J8: {=IFERROR(INDEX(_xlfn._xlws.FILTER(ResourceAllocation!G:G,(ResourceAllocation!B:B=WorkloadSummary!B8)*(ResourceAllocation!E:E<>"Completed")),4),"")} | K8: {=IFERROR(INDEX(_xlfn._xlws.FILTER(ResourceAllocation!A:A,(ResourceAllocation!B:B=WorkloadSummary!B8)*(ResourceAllocation!E:E<>"Completed")),5),"")} | L8: {=IFERROR(INDEX(_xlfn._xlws.FILTER(ResourceAllocation!G:G,(ResourceAllocation!B:B=WorkloadSummary!B8)*(ResourceAllocation!E:E<>"Completed")),5),"")}
B9: =Library!C7 -> Laili | C9: {=IFERROR(INDEX(_xlfn._xlws.FILTER(ResourceAllocation!A:A,(ResourceAllocation!B:B=WorkloadSummary!B9)*(ResourceAllocation!E:E<>"Completed")),1),"")} | D9: {=IFERROR(INDEX(_xlfn._xlws.FILTER(ResourceAllocation!G:G,(ResourceAllocation!B:B=WorkloadSummary!B9)*(ResourceAllocation!E:E<>"Completed")),1),"")} | E9: {=IFERROR(INDEX(_xlfn._xlws.FILTER(ResourceAllocation!A:A,(ResourceAllocation!B:B=WorkloadSummary!B9)*(ResourceAllocation!E:E<>"Completed")),2),"")} | F9: {=IFERROR(INDEX(_xlfn._xlws.FILTER(ResourceAllocation!G:G,(ResourceAllocation!B:B=WorkloadSummary!B9)*(ResourceAllocation!E:E<>"Completed")),2),"")} | G9: {=IFERROR(INDEX(_xlfn._xlws.FILTER(ResourceAllocation!A:A,(ResourceAllocation!B:B=WorkloadSummary!B9)*(ResourceAllocation!E:E<>"Completed")),3),"")} | H9: {=IFERROR(INDEX(_xlfn._xlws.FILTER(ResourceAllocation!G:G,(ResourceAllocation!B:B=WorkloadSummary!B9)*(ResourceAllocation!E:E<>"Completed")),3),"")} | I9: {=IFERROR(INDEX(_xlfn._xlws.FILTER(ResourceAllocation!A:A,(ResourceAllocation!B:B=WorkloadSummary!B9)*(ResourceAllocation!E:E<>"Completed")),4),"")} | J9: {=IFERROR(INDEX(_xlfn._xlws.FILTER(ResourceAllocation!G:G,(ResourceAllocation!B:B=WorkloadSummary!B9)*(ResourceAllocation!E:E<>"Completed")),4),"")} | K9: {=IFERROR(INDEX(_xlfn._xlws.FILTER(ResourceAllocation!A:A,(ResourceAllocation!B:B=WorkloadSummary!B9)*(ResourceAllocation!E:E<>"Completed")),5),"")}
B10: =Library!C8 -> Cici | C10: {=IFERROR(INDEX(_xlfn._xlws.FILTER(ResourceAllocation!A:A,(ResourceAllocation!B:B=WorkloadSummary!B10)*(ResourceAllocation!E:E<>"Completed")),1),"")} | D10: {=IFERROR(INDEX(_xlfn._xlws.FILTER(ResourceAllocation!G:G,(ResourceAllocation!B:B=WorkloadSummary!B10)*(ResourceAllocation!E:E<>"Completed")),1),"")} | E10: {=IFERROR(INDEX(_xlfn._xlws.FILTER(ResourceAllocation!A:A,(ResourceAllocation!B:B=WorkloadSummary!B10)*(ResourceAllocation!E:E<>"Completed")),2),"")} | F10: {=IFERROR(INDEX(_xlfn._xlws.FILTER(ResourceAllocation!G:G,(ResourceAllocation!B:B=WorkloadSummary!B10)*(ResourceAllocation!E:E<>"Completed")),2),"")} | G10: {=IFERROR(INDEX(_xlfn._xlws.FILTER(ResourceAllocation!A:A,(ResourceAllocation!B:B=WorkloadSummary!B10)*(ResourceAllocation!E:E<>"Completed")),3),"")} | H10: {=IFERROR(INDEX(_xlfn._xlws.FILTER(ResourceAllocation!G:G,(ResourceAllocation!B:B=WorkloadSummary!B10)*(ResourceAllocation!E:E<>"Completed")),3),"")} | I10: {=IFERROR(INDEX(_xlfn._xlws.FILTER(ResourceAllocation!A:A,(ResourceAllocation!B:B=WorkloadSummary!B10)*(ResourceAllocation!E:E<>"Completed")),4),"")} | J10: {=IFERROR(INDEX(_xlfn._xlws.FILTER(ResourceAllocation!G:G,(ResourceAllocation!B:B=WorkloadSummary!B10)*(ResourceAllocation!E:E<>"Completed")),4),"")}
B11: =Library!C9 -> Yosy | C11: {=IFERROR(INDEX(_xlfn._xlws.FILTER(ResourceAllocation!A:A,(ResourceAllocation!B:B=WorkloadSummary!B11)*(ResourceAllocation!E:E<>"Completed")),1),"")} | D11: {=IFERROR(INDEX(_xlfn._xlws.FILTER(ResourceAllocation!G:G,(ResourceAllocation!B:B=WorkloadSummary!B11)*(ResourceAllocation!E:E<>"Completed")),1),"")} | E11: {=IFERROR(INDEX(_xlfn._xlws.FILTER(ResourceAllocation!A:A,(ResourceAllocation!B:B=WorkloadSummary!B11)*(ResourceAllocation!E:E<>"Completed")),2),"")} | F11: {=IFERROR(INDEX(_xlfn._xlws.FILTER(ResourceAllocation!G:G,(ResourceAllocation!B:B=WorkloadSummary!B11)*(ResourceAllocation!E:E<>"Completed")),2),"")} | G11: {=IFERROR(INDEX(_xlfn._xlws.FILTER(ResourceAllocation!A:A,(ResourceAllocation!B:B=WorkloadSummary!B11)*(ResourceAllocation!E:E<>"Completed")),3),"")} | H11: {=IFERROR(INDEX(_xlfn._xlws.FILTER(ResourceAllocation!G:G,(ResourceAllocation!B:B=WorkloadSummary!B11)*(ResourceAllocation!E:E<>"Completed")),3),"")} | I11: {=IFERROR(INDEX(_xlfn._xlws.FILTER(ResourceAllocation!A:A,(ResourceAllocation!B:B=WorkloadSummary!B11)*(ResourceAllocation!E:E<>"Completed")),4),"")} | J11: {=IFERROR(INDEX(_xlfn._xlws.FILTER(ResourceAllocation!G:G,(ResourceAllocation!B:B=WorkloadSummary!B11)*(ResourceAllocation!E:E<>"Completed")),4),"")} | K11: {=IFERROR(INDEX(_xlfn._xlws.FILTER(ResourceAllocation!A:A,(ResourceAllocation!B:B=WorkloadSummary!B11)*(ResourceAllocation!E:E<>"Completed")),5),"")}
C13: Beatrix | D13: Herindra | E13: Rifqi | F13: Azdan | G13: Laili | H13: Cici | I13: Yosy
B14: Stakeholder Interviews | C14: =COUNTIFS(ResourceAllocation!$E:$E,WorkloadSummary!$B14,ResourceAllocation!B:B,WorkloadSummary!C$13) -> 1 | D14: =COUNTIFS(ResourceAllocation!$E:$E,WorkloadSummary!$B14,ResourceAllocation!B:B,WorkloadSummary!D$13) -> 0 | E14: =COUNTIFS(ResourceAllocation!$E:$E,WorkloadSummary!$B14,ResourceAllocation!B:B,WorkloadSummary!E$13) -> 0 | F14: =COUNTIFS(ResourceAllocation!$E:$E,WorkloadSummary!$B14,ResourceAllocation!B:B,WorkloadSummary!F$13) -> 0 | G14: =COUNTIFS(ResourceAllocation!$E:$E,WorkloadSummary!$B14,ResourceAllocation!B:B,WorkloadSummary!G$13) -> 0 | H14: =COUNTIFS(ResourceAllocation!$E:$E,WorkloadSummary!$B14,ResourceAllocation!F:F,WorkloadSummary!H$13) -> 0 | I14: =COUNTIFS(ResourceAllocation!$E:$E,WorkloadSummary!$B14,ResourceAllocation!J:J,WorkloadSummary!I$13) -> 0
B15: Requirements Documentation | C15: =COUNTIFS(ResourceAllocation!$E:$E,WorkloadSummary!$B15,ResourceAllocation!B:B,WorkloadSummary!C$13) -> 0 | D15: =COUNTIFS(ResourceAllocation!$E:$E,WorkloadSummary!$B15,ResourceAllocation!B:B,WorkloadSummary!D$13) -> 0 | E15: =COUNTIFS(ResourceAllocation!$E:$E,WorkloadSummary!$B15,ResourceAllocation!B:B,WorkloadSummary!E$13) -> 0 | F15: =COUNTIFS(ResourceAllocation!$E:$E,WorkloadSummary!$B15,ResourceAllocation!B:B,WorkloadSummary!F$13) -> 0 | G15: =COUNTIFS(ResourceAllocation!$E:$E,WorkloadSummary!$B15,ResourceAllocation!B:B,WorkloadSummary!G$13) -> 0 | H15: =COUNTIFS(ResourceAllocation!$E:$E,WorkloadSummary!$B15,ResourceAllocation!F:F,WorkloadSummary!H$13) -> 0 | I15: =COUNTIFS(ResourceAllocation!$E:$E,WorkloadSummary!$B15,ResourceAllocation!J:J,WorkloadSummary!I$13) -> 0
B16: UI/UX Design | C16: =COUNTIFS(ResourceAllocation!$E:$E,WorkloadSummary!$B16,ResourceAllocation!B:B,WorkloadSummary!C$13) -> 0 | D16: =COUNTIFS(ResourceAllocation!$E:$E,WorkloadSummary!$B16,ResourceAllocation!B:B,WorkloadSummary!D$13) -> 0 | E16: =COUNTIFS(ResourceAllocation!$E:$E,WorkloadSummary!$B16,ResourceAllocation!B:B,WorkloadSummary!E$13) -> 0 | F16: =COUNTIFS(ResourceAllocation!$E:$E,WorkloadSummary!$B16,ResourceAllocation!B:B,WorkloadSummary!F$13) -> 0 | G16: =COUNTIFS(ResourceAllocation!$E:$E,WorkloadSummary!$B16,ResourceAllocation!B:B,WorkloadSummary!G$13) -> 0 | H16: =COUNTIFS(ResourceAllocation!$E:$E,WorkloadSummary!$B16,ResourceAllocation!F:F,WorkloadSummary!H$13) -> 0 | I16: =COUNTIFS(ResourceAllocation!$E:$E,WorkloadSummary!$B16,ResourceAllocation!J:J,WorkloadSummary!I$13) -> 0
B17: System Architecture Planning | C17: =COUNTIFS(ResourceAllocation!$E:$E,WorkloadSummary!$B17,ResourceAllocation!B:B,WorkloadSummary!C$13) -> 0 | D17: =COUNTIFS(ResourceAllocation!$E:$E,WorkloadSummary!$B17,ResourceAllocation!B:B,WorkloadSummary!D$13) -> 0 | E17: =COUNTIFS(ResourceAllocation!$E:$E,WorkloadSummary!$B17,ResourceAllocation!B:B,WorkloadSummary!E$13) -> 0 | F17: =COUNTIFS(ResourceAllocation!$E:$E,WorkloadSummary!$B17,ResourceAllocation!B:B,WorkloadSummary!F$13) -> 0 | G17: =COUNTIFS(ResourceAllocation!$E:$E,WorkloadSummary!$B17,ResourceAllocation!B:B,WorkloadSummary!G$13) -> 0 | H17: =COUNTIFS(ResourceAllocation!$E:$E,WorkloadSummary!$B17,ResourceAllocation!F:F,WorkloadSummary!H$13) -> 0 | I17: =COUNTIFS(ResourceAllocation!$E:$E,WorkloadSummary!$B17,ResourceAllocation!J:J,WorkloadSummary!I$13) -> 0
B18: Test Case Creation | C18: =COUNTIFS(ResourceAllocation!$E:$E,WorkloadSummary!$B18,ResourceAllocation!B:B,WorkloadSummary!C$13) -> 0 | D18: =COUNTIFS(ResourceAllocation!$E:$E,WorkloadSummary!$B18,ResourceAllocation!B:B,WorkloadSummary!D$13) -> 0 | E18: =COUNTIFS(ResourceAllocation!$E:$E,WorkloadSummary!$B18,ResourceAllocation!B:B,WorkloadSummary!E$13) -> 0 | F18: =COUNTIFS(ResourceAllocation!$E:$E,WorkloadSummary!$B18,ResourceAllocation!B:B,WorkloadSummary!F$13) -> 0 | G18: =COUNTIFS(ResourceAllocation!$E:$E,WorkloadSummary!$B18,ResourceAllocation!B:B,WorkloadSummary!G$13) -> 0 | H18: =COUNTIFS(ResourceAllocation!$E:$E,WorkloadSummary!$B18,ResourceAllocation!F:F,WorkloadSummary!H$13) -> 0 | I18: =COUNTIFS(ResourceAllocation!$E:$E,WorkloadSummary!$B18,ResourceAllocation!J:J,WorkloadSummary!I$13) -> 0
B19: Frontend & Backend Development | C19: =COUNTIFS(ResourceAllocation!$E:$E,WorkloadSummary!$B19,ResourceAllocation!B:B,WorkloadSummary!C$13) -> 0 | D19: =COUNTIFS(ResourceAllocation!$E:$E,WorkloadSummary!$B19,ResourceAllocation!B:B,WorkloadSummary!D$13) -> 0 | E19: =COUNTIFS(ResourceAllocation!$E:$E,WorkloadSummary!$B19,ResourceAllocation!B:B,WorkloadSummary!E$13) -> 0 | F19: =COUNTIFS(ResourceAllocation!$E:$E,WorkloadSummary!$B19,ResourceAllocation!B:B,WorkloadSummary!F$13) -> 0 | G19: =COUNTIFS(ResourceAllocation!$E:$E,WorkloadSummary!$B19,ResourceAllocation!B:B,WorkloadSummary!G$13) -> 0 | H19: =COUNTIFS(ResourceAllocation!$E:$E,WorkloadSummary!$B19,ResourceAllocation!F:F,WorkloadSummary!H$13) -> 0 | I19: =COUNTIFS(ResourceAllocation!$E:$E,WorkloadSummary!$B19,ResourceAllocation!J:J,WorkloadSummary!I$13) -> 0
B20: Integration Testing | C20: =COUNTIFS(ResourceAllocation!$E:$E,WorkloadSummary!$B20,ResourceAllocation!B:B,WorkloadSummary!C$13) -> 0 | D20: =COUNTIFS(ResourceAllocation!$E:$E,WorkloadSummary!$B20,ResourceAllocation!B:B,WorkloadSummary!D$13) -> 0 | E20: =COUNTIFS(ResourceAllocation!$E:$E,WorkloadSummary!$B20,ResourceAllocation!B:B,WorkloadSummary!E$13) -> 0 | F20: =COUNTIFS(ResourceAllocation!$E:$E,WorkloadSummary!$B20,ResourceAllocation!B:B,WorkloadSummary!F$13) -> 0 | G20: =COUNTIFS(ResourceAllocation!$E:$E,WorkloadSummary!$B20,ResourceAllocation!B:B,WorkloadSummary!G$13) -> 0 | H20: =COUNTIFS(ResourceAllocation!$E:$E,WorkloadSummary!$B20,ResourceAllocation!F:F,WorkloadSummary!H$13) -> 0 | I20: =COUNTIFS(ResourceAllocation!$E:$E,WorkloadSummary!$B20,ResourceAllocation!J:J,WorkloadSummary!I$13) -> 0
B21: User Acceptance Test | C21: =COUNTIFS(ResourceAllocation!$E:$E,WorkloadSummary!$B21,ResourceAllocation!B:B,WorkloadSummary!C$13) -> 0 | D21: =COUNTIFS(ResourceAllocation!$E:$E,WorkloadSummary!$B21,ResourceAllocation!B:B,WorkloadSummary!D$13) -> 0 | E21: =COUNTIFS(ResourceAllocation!$E:$E,WorkloadSummary!$B21,ResourceAllocation!B:B,WorkloadSummary!E$13) -> 0 | F21: =COUNTIFS(ResourceAllocation!$E:$E,WorkloadSummary!$B21,ResourceAllocation!B:B,WorkloadSummary!F$13) -> 0 | G21: =COUNTIFS(ResourceAllocation!$E:$E,WorkloadSummary!$B21,ResourceAllocation!B:B,WorkloadSummary!G$13) -> 0 | H21: =COUNTIFS(ResourceAllocation!$E:$E,WorkloadSummary!$B21,ResourceAllocation!F:F,WorkloadSummary!H$13) -> 0 | I21: =COUNTIFS(ResourceAllocation!$E:$E,WorkloadSummary!$B21,ResourceAllocation!J:J,WorkloadSummary!I$13) -> 0
B22: Deployment to Production | C22: =COUNTIFS(ResourceAllocation!$E:$E,WorkloadSummary!$B22,ResourceAllocation!B:B,WorkloadSummary!C$13) -> 0 | D22: =COUNTIFS(ResourceAllocation!$E:$E,WorkloadSummary!$B22,ResourceAllocation!B:B,WorkloadSummary!D$13) -> 0 | E22: =COUNTIFS(ResourceAllocation!$E:$E,WorkloadSummary!$B22,ResourceAllocation!B:B,WorkloadSummary!E$13) -> 0 | F22: =COUNTIFS(ResourceAllocation!$E:$E,WorkloadSummary!$B22,ResourceAllocation!B:B,WorkloadSummary!F$13) -> 0 | G22: =COUNTIFS(ResourceAllocation!$E:$E,WorkloadSummary!$B22,ResourceAllocation!B:B,WorkloadSummary!G$13) -> 0 | H22: =COUNTIFS(ResourceAllocation!$E:$E,WorkloadSummary!$B22,ResourceAllocation!F:F,WorkloadSummary!H$13) -> 0 | I22: =COUNTIFS(ResourceAllocation!$E:$E,WorkloadSummary!$B22,ResourceAllocation!J:J,WorkloadSummary!I$13) -> 0
B23: Post-Deployment Support | C23: =COUNTIFS(ResourceAllocation!$E:$E,WorkloadSummary!$B23,ResourceAllocation!B:B,WorkloadSummary!C$13) -> 0 | D23: =COUNTIFS(ResourceAllocation!$E:$E,WorkloadSummary!$B23,ResourceAllocation!B:B,WorkloadSummary!D$13) -> 0 | E23: =COUNTIFS(ResourceAllocation!$E:$E,WorkloadSummary!$B23,ResourceAllocation!B:B,WorkloadSummary!E$13) -> 0 | F23: =COUNTIFS(ResourceAllocation!$E:$E,WorkloadSummary!$B23,ResourceAllocation!B:B,WorkloadSummary!F$13) -> 0 | G23: =COUNTIFS(ResourceAllocation!$E:$E,WorkloadSummary!$B23,ResourceAllocation!B:B,WorkloadSummary!G$13) -> 0 | H23: =COUNTIFS(ResourceAllocation!$E:$E,WorkloadSummary!$B23,ResourceAllocation!F:F,WorkloadSummary!H$13) -> 0 | I23: =COUNTIFS(ResourceAllocation!$E:$E,WorkloadSummary!$B23,ResourceAllocation!J:J,WorkloadSummary!I$13) -> 0
B24: Completed | C24: =COUNTIFS(ResourceAllocation!$E:$E,WorkloadSummary!$B24,ResourceAllocation!B:B,WorkloadSummary!C$13) -> 6 | D24: =COUNTIFS(ResourceAllocation!$E:$E,WorkloadSummary!$B24,ResourceAllocation!B:B,WorkloadSummary!D$13) -> 4 | E24: =COUNTIFS(ResourceAllocation!$E:$E,WorkloadSummary!$B24,ResourceAllocation!B:B,WorkloadSummary!E$13) -> 0 | F24: =COUNTIFS(ResourceAllocation!$E:$E,WorkloadSummary!$B24,ResourceAllocation!B:B,WorkloadSummary!F$13) -> 7 | G24: =COUNTIFS(ResourceAllocation!$E:$E,WorkloadSummary!$B24,ResourceAllocation!B:B,WorkloadSummary!G$13) -> 2 | H24: =COUNTIFS(ResourceAllocation!$E:$E,WorkloadSummary!$B24,ResourceAllocation!F:F,WorkloadSummary!H$13) -> 0 | I24: =COUNTIFS(ResourceAllocation!$E:$E,WorkloadSummary!$B24,ResourceAllocation!J:J,WorkloadSummary!I$13) -> 0
B25: Idle | C25: =COUNTIFS(ResourceAllocation!$E:$E,WorkloadSummary!$B25,ResourceAllocation!B:B,WorkloadSummary!C$13) -> 0 | D25: =COUNTIFS(ResourceAllocation!$E:$E,WorkloadSummary!$B25,ResourceAllocation!B:B,WorkloadSummary!D$13) -> 0 | E25: =COUNTIFS(ResourceAllocation!$E:$E,WorkloadSummary!$B25,ResourceAllocation!B:B,WorkloadSummary!E$13) -> 0 | F25: =COUNTIFS(ResourceAllocation!$E:$E,WorkloadSummary!$B25,ResourceAllocation!B:B,WorkloadSummary!F$13) -> 0 | G25: =COUNTIFS(ResourceAllocation!$E:$E,WorkloadSummary!$B25,ResourceAllocation!B:B,WorkloadSummary!G$13) -> 0 | H25: =COUNTIFS(ResourceAllocation!$E:$E,WorkloadSummary!$B25,ResourceAllocation!F:F,WorkloadSummary!H$13) -> 0 | I25: =COUNTIFS(ResourceAllocation!$E:$E,WorkloadSummary!$B25,ResourceAllocation!J:J,WorkloadSummary!I$13) -> 0
B26: Workload % | C26: =SUMIFS(ResourceAllocation!$L$3:$L$24,ResourceAllocation!$B$3:$B$24,WorkloadSummary!C13) -> 0.25 | D26: =SUMIFS(ResourceAllocation!$L$3:$L$24,ResourceAllocation!$B$3:$B$24,WorkloadSummary!D13) -> 0 | E26: =SUMIFS(ResourceAllocation!$L$3:$L$24,ResourceAllocation!$B$3:$B$24,WorkloadSummary!E13) -> 0 | F26: =SUMIFS(ResourceAllocation!$L$3:$L$24,ResourceAllocation!$B$3:$B$24,WorkloadSummary!F13) -> 0 | G26: =SUMIFS(ResourceAllocation!$L$3:$L$24,ResourceAllocation!$B$3:$B$24,WorkloadSummary!G13) -> 0 | H26: =SUMIFS(ResourceAllocation!$L$3:$L$24,ResourceAllocation!$B$3:$B$24,WorkloadSummary!H13) -> 0 | I26: =SUMIFS(ResourceAllocation!$L$3:$L$24,ResourceAllocation!$B$3:$B$24,WorkloadSummary!I13) -> 0
B27: Utilization Cost Plan | C27: =SUMIFS(ResourceAllocation!I3:I23,ResourceAllocation!B3:B23,WorkloadSummary!C13,ResourceAllocation!E3:E23,"<>Completed")/_xlfn.XLOOKUP(WorkloadSummary!C13,Library!$B$22:$B$26,Library!$C$22:$C$26) -> 0.039583333
B28: Utilization Cost Actual

Sheet ResourceAllocation
A1: ActivityName | B1: Resource | C1: Category | D1: Phase | E1: TaskName | F1: Plan | J1: Actual | L1: Workload | M1: Remarks
F2: TaskStart | G2: TaskEnd | H2: Cost Project | I2: Cost monthly | J2: TaskStart | K2: TaskEnd
A3: Project Alpha - Analysis | B3: Beatrix | C3: Medium | D3: =_xlfn.XLOOKUP(E3,LibsTask,LibsPhase) -> Requirement Gathering & Analysis | E3: Stakeholder Interviews | F3: 46029 | G3: {=_xlfn.IFNA(WORKDAY(F3,_xlfn.XLOOKUP(C3,Library!$V$3:$V$5,Library!$W$3:$W$5),_xlfn.VSTACK(ImportantDate!B3:B23,IFERROR(_xlfn._xlws.FILTER(ImportantDate!$F$3:$F$100,ImportantDate!$E$3:$E$100=ResourceAllocation!B3),"1-Jan-2025"))),"")} -> 46129 | H3: =_xlfn.XLOOKUP(C3,Library!$V$3:$V$5,Library!$X$3:$X$5)*_xlfn.XLOOKUP(ResourceAllocation!B3,Library!$B$22:$B$26,Library!$F$22:$F$26) -> 118750 | I3: =H3/DATEDIF(F3,G3,"m") -> 39583.333 | J3: =F3 -> 46029 | K3: 45789 | L3: {=_xlfn.XLOOKUP(E3,LibsTask,IF(C3="Low",LowPct,IF(C3="Medium",MediumPct,HighPct)))} -> 0.25
A6: Penyesuaian Parameter Smartdrive TOC : 0224, 0209, 0226, 0227 | B6: Herindra | C6: Medium | D6: =_xlfn.XLOOKUP(E6,LibsTask,LibsPhase) -> Completed | E6: Completed | F6: 45706 | G6: {=_xlfn.IFNA(WORKDAY(F6,_xlfn.XLOOKUP(C6,Library!$V$3:$V$5,Library!$W$3:$W$5),_xlfn.VSTACK(ImportantDate!B6:B26,IFERROR(_xlfn._xlws.FILTER(ImportantDate!$F$3:$F$100,ImportantDate!$E$3:$E$100=ResourceAllocation!B6),"1-Jan-2025"))),"")} -> 45821 | H6: =_xlfn.XLOOKUP(C6,Library!$V$3:$V$5,Library!$X$3:$X$5)*_xlfn.XLOOKUP(ResourceAllocation!B6,Library!$B$22:$B$26,Library!$F$22:$F$26) -> 296875 | I6: =H6/DATEDIF(F6,G6,"m") -> 98958.333 | J6: =F6 -> 45706 | L6: {=_xlfn.XLOOKUP(E6,LibsTask,IF(C6="Low",LowPct,IF(C6="Medium",MediumPct,HighPct)))} -> 0
A7: Data Anonymization CGISS & CHISS | B7: Herindra | C7: Medium | D7: =_xlfn.XLOOKUP(E7,LibsTask,LibsPhase) -> Completed | E7: Completed | F7: 45705 | G7: {=_xlfn.IFNA(WORKDAY(F7,_xlfn.XLOOKUP(C7,Library!$V$3:$V$5,Library!$W$3:$W$5),_xlfn.VSTACK(ImportantDate!B7:B27,IFERROR(_xlfn._xlws.FILTER(ImportantDate!$F$3:$F$100,ImportantDate!$E$3:$E$100=ResourceAllocation!B7),"1-Jan-2025"))),"")} -> 45820 | H7: =_xlfn.XLOOKUP(C7,Library!$V$3:$V$5,Library!$X$3:$X$5)*_xlfn.XLOOKUP(ResourceAllocation!B7,Library!$B$22:$B$26,Library!$F$22:$F$26) -> 296875 | I7: =H7/DATEDIF(F7,G7,"m") -> 98958.333 | J7: =F7 -> 45705 | L7: {=_xlfn.XLOOKUP(E7,LibsTask,IF(C7="Low",LowPct,IF(C7="Medium",MediumPct,HighPct)))} -> 0
A8: BCAF Automation | B8: Herindra | C8: Medium | D8: =_xlfn.XLOOKUP(E8,LibsTask,LibsPhase) -> Completed | E8: Completed | F8: 45689 | G8: {=_xlfn.IFNA(WORKDAY(F8,_xlfn.XLOOKUP(C8,Library!$V$3:$V$5,Library!$W$3:$W$5),_xlfn.VSTACK(ImportantDate!B8:B28,IFERROR(_xlfn._xlws.FILTER(ImportantDate!$F$3:$F$100,ImportantDate!$E$3:$E$100=ResourceAllocation!B8),"1-Jan-2025"))),"")} -> 45800 | H8: =_xlfn.XLOOKUP(C8,Library!$V$3:$V$5,Library!$X$3:$X$5)*_xlfn.XLOOKUP(ResourceAllocation!B8,Library!$B$22:$B$26,Library!$F$22:$F$26) -> 296875 | I8: =H8/DATEDIF(F8,G8,"m") -> 98958.333 | J8: =F8 -> 45689 | L8: {=_xlfn.XLOOKUP(E8,LibsTask,IF(C8="Low",LowPct,IF(C8="Medium",MediumPct,HighPct)))} -> 0
A9: Enhancement Uploader Mypage data qyc (UP15, UP75, UP286, UP289, UP279) | B9: Herindra | C9: Medium | D9: =_xlfn.XLOOKUP(E9,LibsTask,LibsPhase) -> Completed | E9: Completed | F9: 45717 | G9: {=_xlfn.IFNA(WORKDAY(F9,_xlfn.XLOOKUP(C9,Library!$V$3:$V$5,Library!$W$3:$W$5),_xlfn.VSTACK(ImportantDate!B9:B29,IFERROR(_xlfn._xlws.FILTER(ImportantDate!$F$3:$F$100,ImportantDate!$E$3:$E$100=ResourceAllocation!B9),"1-Jan-2025"))),"")} -> 45831 | H9: =_xlfn.XLOOKUP(C9,Library!$V$3:$V$5,Library!$X$3:$X$5)*_xlfn.XLOOKUP(ResourceAllocation!B9,Library!$B$22:$B$26,Library!$F$22:$F$26) -> 296875 | I9: =H9/DATEDIF(F9,G9,"m") -> 98958.333 | J9: =F9 -> 45717 | L9: {=_xlfn.XLOOKUP(E9,LibsTask,IF(C9="Low",LowPct,IF(C9="Medium",MediumPct,HighPct)))} -> 0
A10: Auto settlement | B10: Azdan | C10: Low | D10: =_xlfn.XLOOKUP(E10,LibsTask,LibsPhase) -> Completed | E10: Completed | F10: 45717 | G10: {=_xlfn.IFNA(WORKDAY(F10,_xlfn.XLOOKUP(C10,Library!$V$3:$V$5,Library!$W$3:$W$5),_xlfn.VSTACK(ImportantDate!B10:B30,IFERROR(_xlfn._xlws.FILTER(ImportantDate!$F$3:$F$100,ImportantDate!$E$3:$E$100=ResourceAllocation!B10),"1-Jan-2025"))),"")} -> 45758 | H10: =_xlfn.XLOOKUP(C10,Library!$V$3:$V$5,Library!$X$3:$X$5)*_xlfn.XLOOKUP(ResourceAllocation!B10,Library!$B$22:$B$26,Library!$F$22:$F$26) -> 190312.5 | I10: =H10/DATEDIF(F10,G10,"m") -> 190312.5 | J10: =F10 -> 45717 | L10: {=_xlfn.XLOOKUP(E10,LibsTask,IF(C10="Low",LowPct,IF(C10="Medium",MediumPct,HighPct)))} -> 0
A11: Revamp & New Scheme in Retail Biz | B11: Azdan | C11: Medium | D11: =_xlfn.XLOOKUP(E11,LibsTask,LibsPhase) -> Completed | E11: Completed | G11: {=_xlfn.IFNA(WORKDAY(F11,_xlfn.XLOOKUP(C11,Library!$V$3:$V$5,Library!$W$3:$W$5),_xlfn.VSTACK(ImportantDate!B11:B31,IFERROR(_xlfn._xlws.FILTER(ImportantDate!$F$3:$F$100,ImportantDate!$E$3:$E$100=ResourceAllocation!B11),"1-Jan-2025"))),"")} -> 101 | H11: =_xlfn.XLOOKUP(C11,Library!$V$3:$V$5,Library!$X$3:$X$5)*_xlfn.XLOOKUP(ResourceAllocation!B11,Library!$B$22:$B$26,Library!$F$22:$F$26) -> 249375 | I11: =H11/DATEDIF(F11,G11,"m") -> 83125 | J11: =F11 -> 0 | L11: {=_xlfn.XLOOKUP(E11,LibsTask,IF(C11="Low",LowPct,IF(C11="Medium",MediumPct,HighPct)))} -> 0
A12: Bilingual Document | B12: Azdan | C12: Medium | D12: =_xlfn.XLOOKUP(E12,LibsTask,LibsPhase) -> Completed | E12: Completed | G12: {=_xlfn.IFNA(WORKDAY(F12,_xlfn.XLOOKUP(C12,Library!$V$3:$V$5,Library!$W$3:$W$5),_xlfn.VSTACK(ImportantDate!B12:B32,IFERROR(_xlfn._xlws.FILTER(ImportantDate!$F$3:$F$100,ImportantDate!$E$3:$E$100=ResourceAllocation!B12),"1-Jan-2025"))),"")} -> 101 | H12: =_xlfn.XLOOKUP(C12,Library!$V$3:$V$5,Library!$X$3:$X$5)*_xlfn.XLOOKUP(ResourceAllocation!B12,Library!$B$22:$B$26,Library!$F$22:$F$26) -> 249375 | I12: =H12/DATEDIF(F12,G12,"m") -> 83125 | J12: =F12 -> 0 | L12: {=_xlfn.XLOOKUP(E12,LibsTask,IF(C12="Low",LowPct,IF(C12="Medium",MediumPct,HighPct)))} -> 0
A13: SNAP BI H2H | B13: Azdan | C13: Medium | D13: =_xlfn.XLOOKUP(E13,LibsTask,LibsPhase) -> Completed | E13: Completed | G13: {=_xlfn.IFNA(WORKDAY(F13,_xlfn.XLOOKUP(C13,Library!$V$3:$V$5,Library!$W$3:$W$5),_xlfn.VSTACK(ImportantDate!B13:B33,IFERROR(_xlfn._xlws.FILTER(ImportantDate!$F$3:$F$100,ImportantDate!$E$3:$E$100=ResourceAllocation!B13),"1-Jan-2025"))),"")} -> 101 | H13: =_xlfn.XLOOKUP(C13,Library!$V$3:$V$5,Library!$X$3:$X$5)*_xlfn.XLOOKUP(ResourceAllocation!B13,Library!$B$22:$B$26,Library!$F$22:$F$26) -> 249375 | I13: =H13/DATEDIF(F13,G13,"m") -> 83125 | J13: =F13 -> 0 | L13: {=_xlfn.XLOOKUP(E13,LibsTask,IF(C13="Low",LowPct,IF(C13="Medium",MediumPct,HighPct)))} -> 0
A14: SNAP BI VA | B14: Azdan | C14: Medium | D14: =_xlfn.XLOOKUP(E14,LibsTask,LibsPhase) -> Completed | E14: Completed | G14: {=_xlfn.IFNA(WORKDAY(F14,_xlfn.XLOOKUP(C14,Library!$V$3:$V$5,Library!$W$3:$W$5),_xlfn.VSTACK(ImportantDate!B14:B34,IFERROR(_xlfn._xlws.FILTER(ImportantDate!$F$3:$F$100,ImportantDate!$E$3:$E$100=ResourceAllocation!B14),"1-Jan-2025"))),"")} -> 101 | H14: =_xlfn.XLOOKUP(C14,Library!$V$3:$V$5,Library!$X$3:$X$5)*_xlfn.XLOOKUP(ResourceAllocation!B14,Library!$B$22:$B$26,Library!$F$22:$F$26) -> 249375 | I14: =H14/DATEDIF(F14,G14,"m") -> 83125 | J14: =F14 -> 0 | L14: {=_xlfn.XLOOKUP(E14,LibsTask,IF(C14="Low",LowPct,IF(C14="Medium",MediumPct,HighPct)))} -> 0
A15: Merimen – Output Certificate Bilingual Version | B15: Azdan | C15: Low | D15: =_xlfn.XLOOKUP(E15,LibsTask,LibsPhase) -> Completed | E15: Completed | G15: {=_xlfn.IFNA(WORKDAY(F15,_xlfn.XLOOKUP(C15,Library!$V$3:$V$5,Library!$W$3:$W$5),_xlfn.VSTACK(ImportantDate!B15:B35,IFERROR(_xlfn._xlws.FILTER(ImportantDate!$F$3:$F$100,ImportantDate!$E$3:$E$100=ResourceAllocation!B15),"1-Jan-2025"))),"")} -> 38 | H15: =_xlfn.XLOOKUP(C15,Library!$V$3:$V$5,Library!$X$3:$X$5)*_xlfn.XLOOKUP(ResourceAllocation!B15,Library!$B$22:$B$26,Library!$F$22:$F$26) -> 190312.5 | I15: =H15/DATEDIF(F15,G15,"m") -> 190312.5 | J15: =F15 -> 0 | L15: {=_xlfn.XLOOKUP(E15,LibsTask,IF(C15="Low",LowPct,IF(C15="Medium",MediumPct,HighPct)))} -> 0
A16: CHISS 2nd phase | B16: Beatrix | C16: High | D16: Completed | E16: Completed | F16: =TODAY() -> 46029 | G16: {=_xlfn.IFNA(WORKDAY(F16,_xlfn.XLOOKUP(C16,Library!$V$3:$V$5,Library!$W$3:$W$5),_xlfn.VSTACK(ImportantDate!B16:B36,IFERROR(_xlfn._xlws.FILTER(ImportantDate!$F$3:$F$100,ImportantDate!$E$3:$E$100=ResourceAllocation!B16),"1-Jan-2025"))),"")} -> 46171 | H16: =_xlfn.XLOOKUP(C16,Library!$V$3:$V$5,Library!$X$3:$X$5)*_xlfn.XLOOKUP(ResourceAllocation!B16,Library!$B$22:$B$26,Library!$F$22:$F$26) -> 187500 | I16: =H16/DATEDIF(F16,G16,"m") -> 46875 | J16: =F16 -> 46029 | L16: {=_xlfn.XLOOKUP(E16,LibsTask,IF(C16="Low",LowPct,IF(C16="Medium",MediumPct,HighPct)))} -> 0
A17: Fasttrack | B17: Beatrix | C17: Medium | D17: =_xlfn.XLOOKUP(E17,LibsTask,LibsPhase) -> Completed | E17: Completed | F17: =TODAY() -> 46029 | G17: {=_xlfn.IFNA(WORKDAY(F17,_xlfn.XLOOKUP(C17,Library!$V$3:$V$5,Library!$W$3:$W$5),_xlfn.VSTACK(ImportantDate!B17:B37,IFERROR(_xlfn._xlws.FILTER(ImportantDate!$F$3:$F$100,ImportantDate!$E$3:$E$100=ResourceAllocation!B17),"1-Jan-2025"))),"")} -> 46129 | H17: =_xlfn.XLOOKUP(C17,Library!$V$3:$V$5,Library!$X$3:$X$5)*_xlfn.XLOOKUP(ResourceAllocation!B17,Library!$B$22:$B$26,Library!$F$22:$F$26) -> 118750 | I17: =H17/DATEDIF(F17,G17,"m") -> 39583.333 | J17: =F17 -> 46029 | L17: {=_xlfn.XLOOKUP(E17,LibsTask,IF(C17="Low",LowPct,IF(C17="Medium",MediumPct,HighPct)))} -> 0
A18: Date of Payment | B18: Beatrix | C18: Low | D18: Completed | E18: Completed | F18: =TODAY() -> 46029 | G18: {=_xlfn.IFNA(WORKDAY(F18,_xlfn.XLOOKUP(C18,Library!$V$3:$V$5,Library!$W$3:$W$5),_xlfn.VSTACK(ImportantDate!B18:B38,IFERROR(_xlfn._xlws.FILTER(ImportantDate!$F$3:$F$100,ImportantDate!$E$3:$E$100=ResourceAllocation!B18),"1-Jan-2025"))),"")} -> 46066 | H18: =_xlfn.XLOOKUP(C18,Library!$V$3:$V$5,Library!$X$3:$X$5)*_xlfn.XLOOKUP(ResourceAllocation!B18,Library!$B$22:$B$26,Library!$F$22:$F$26) -> 90625 | I18: =H18/DATEDIF(F18,G18,"m") -> 90625 | J18: =F18 -> 46029 | L18: {=_xlfn.XLOOKUP(E18,LibsTask,IF(C18="Low",LowPct,IF(C18="Medium",MediumPct,HighPct)))} -> 0
A19: Promedicare | B19: Beatrix | C19: Medium | D19: =_xlfn.XLOOKUP(E19,LibsTask,LibsPhase) -> Completed | E19: Completed | F19: =TODAY() -> 46029 | G19: {=_xlfn.IFNA(WORKDAY(F19,_xlfn.XLOOKUP(C19,Library!$V$3:$V$5,Library!$W$3:$W$5),_xlfn.VSTACK(ImportantDate!B19:B39,IFERROR(_xlfn._xlws.FILTER(ImportantDate!$F$3:$F$100,ImportantDate!$E$3:$E$100=ResourceAllocation!B19),"1-Jan-2025"))),"")} -> 46129 | H19: =_xlfn.XLOOKUP(C19,Library!$V$3:$V$5,Library!$X$3:$X$5)*_xlfn.XLOOKUP(ResourceAllocation!B19,Library!$B$22:$B$26,Library!$F$22:$F$26) -> 118750 | I19: =H19/DATEDIF(F19,G19,"m") -> 39583.333 | J19: =F19 -> 46029 | L19: {=_xlfn.XLOOKUP(E19,LibsTask,IF(C19="Low",LowPct,IF(C19="Medium",MediumPct,HighPct)))} -> 0
A20: Update Engine CHISS | B20: Beatrix | C20: Low | D20: =_xlfn.XLOOKUP(E20,LibsTask,LibsPhase) -> Completed | E20: Completed | F20: 45766 | G20: {=_xlfn.IFNA(WORKDAY(F20,_xlfn.XLOOKUP(C20,Library!$V$3:$V$5,Library!$W$3:$W$5),_xlfn.VSTACK(ImportantDate!B20:B40,IFERROR(_xlfn._xlws.FILTER(ImportantDate!$F$3:$F$100,ImportantDate!$E$3:$E$100=ResourceAllocation!B20),"1-Jan-2025"))),"")} -> 45804 | H20: =_xlfn.XLOOKUP(C20,Library!$V$3:$V$5,Library!$X$3:$X$5)*_xlfn.XLOOKUP(ResourceAllocation!B20,Library!$B$22:$B$26,Library!$F$22:$F$26) -> 90625 | I20: =H20/DATEDIF(F20,G20,"m") -> 90625 | J20: =F20 -> 45766 | K20: 45830 | L20: {=_xlfn.XLOOKUP(E20,LibsTask,IF(C20="Low",LowPct,IF(C20="Medium",MediumPct,HighPct)))} -> 0
A21: Smartmedicare | B21: Beatrix | C21: Medium | D21: =_xlfn.XLOOKUP(E21,LibsTask,LibsPhase) -> Completed | E21: Completed | F21: 45894 | G21: {=_xlfn.IFNA(WORKDAY(F21,_xlfn.XLOOKUP(C21,Library!$V$3:$V$5,Library!$W$3:$W$5),_xlfn.VSTACK(ImportantDate!B21:B41,IFERROR(_xlfn._xlws.FILTER(ImportantDate!$F$3:$F$100,ImportantDate!$E$3:$E$100=ResourceAllocation!B21),"1-Jan-2025"))),"")} -> 45995 | H21: =_xlfn.XLOOKUP(C21,Library!$V$3:$V$5,Library!$X$3:$X$5)*_xlfn.XLOOKUP(ResourceAllocation!B21,Library!$B$22:$B$26,Library!$F$22:$F$26) -> 118750 | I21: =H21/DATEDIF(F21,G21,"m") -> 39583.333 | J21: =F21 -> 45894 | L21: {=_xlfn.XLOOKUP(E21,LibsTask,IF(C21="Low",LowPct,IF(C21="Medium",MediumPct,HighPct)))} -> 0
A22: RRTS | B22: Laili | C22: Medium | D22: =_xlfn.XLOOKUP(E22,LibsTask,LibsPhase) -> Completed | E22: Completed | G22: {=_xlfn.IFNA(WORKDAY(F22,_xlfn.XLOOKUP(C22,Library!$V$3:$V$5,Library!$W$3:$W$5),_xlfn.VSTACK(ImportantDate!B22:B42,IFERROR(_xlfn._xlws.FILTER(ImportantDate!$F$3:$F$100,ImportantDate!$E$3:$E$100=ResourceAllocation!B22),"1-Jan-2025"))),"")} -> 101 | H22: =_xlfn.XLOOKUP(C22,Library!$V$3:$V$5,Library!$X$3:$X$5)*_xlfn.XLOOKUP(ResourceAllocation!B22,Library!$B$22:$B$26,Library!$F$22:$F$26) -> 225625 | I22: =H22/DATEDIF(F22,G22,"m") -> 75208.333 | J22: =F22 -> 0 | L22: {=_xlfn.XLOOKUP(E22,LibsTask,IF(C22="Low",LowPct,IF(C22="Medium",MediumPct,HighPct)))} -> 0
A23: Update Engine | B23: Laili | C23: Low | D23: User Acceptation Test | E23: Completed | G23: {=_xlfn.IFNA(WORKDAY(F23,_xlfn.XLOOKUP(C23,Library!$V$3:$V$5,Library!$W$3:$W$5),_xlfn.VSTACK(ImportantDate!B23:B43,IFERROR(_xlfn._xlws.FILTER(ImportantDate!$F$3:$F$100,ImportantDate!$E$3:$E$100=ResourceAllocation!B23),"1-Jan-2025"))),"")} -> 38 | H23: =_xlfn.XLOOKUP(C23,Library!$V$3:$V$5,Library!$X$3:$X$5)*_xlfn.XLOOKUP(ResourceAllocation!B23,Library!$B$22:$B$26,Library!$F$22:$F$26) -> 172187.5 | I23: =H23/DATEDIF(F23,G23,"m") -> 172187.5 | J23: =F23 -> 0 | L23: {=_xlfn.XLOOKUP(E23,LibsTask,IF(C23="Low",LowPct,IF(C23="Medium",MediumPct,HighPct)))} -> 0
A24: New CLP (Ciputra) | B24: Azdan | C24: High | D24: =_xlfn.XLOOKUP(E24,LibsTask,LibsPhase) -> Completed | E24: Completed | F24: 45839 | G24: 45930 | H24: =_xlfn.XLOOKUP(C24,Library!$V$3:$V$5,Library!$X$3:$X$5)*_xlfn.XLOOKUP(ResourceAllocation!B24,Library!$B$22:$B$26,Library!$F$22:$F$26) -> 393750 | I24: =H24/DATEDIF(F24,G24,"m") -> 196875 | J24: 45839 | K24: 45930 | L24: {=_xlfn.XLOOKUP(E24,LibsTask,IF(C24="Low",LowPct,IF(C24="Medium",MediumPct,HighPct)))} -> 0

Sheet ImportantDate
B1: Indonesia Public Holiday | E1: Leave Plan
E2: Name | F2: Dates | H2: 45658 | I2: =NETWORKDAYS(H2,H3,B3:B23) -> 244
B3: 45658 | C3: New Year's Day | E3: Beatrix | F3: 45736 | H3: 46022
B4: 45684 | C4: Isra Mi'raj | E4: ResourceName1
B5: 45686 | C5: Chinese New Year
B6: 45745 | C6: Bali Hindu New Year (Silence Day)
B7: 45747 | C7: Eid al-Fitr
B8: 45748 | C8: Eid al-Fitr
B9: 45749 | C9: Mass Leave Eid al-Fitr
B10: 45750 | C10: Mass Leave Eid al-Fitr
B11: 45751 | C11: Mass Leave Eid al-Fitr
B12: 45754 | C12: Mass Leave Eid al-Fitr
B13: 45765 | C13: Good Friday
B14: 45767 | C14: Easter Sunday
B15: 45778 | C15: Labour Day
B16: 45789 | C16: Waisak Day
... B23: 46016 | C23: Christmas Day

Sheet Library
K1: Low | N1: Medium | Q1: High
B2: ResourceID | C2: ResourceName | D2: Type | E2: Max Hours / Week | G2: No | H2: Phase | I2: Task ID | J2: Task Name | K2: Duration (Days) | L2: Duration (Hours) | M2: Percentage | N2: Duration (Days) | O2: Duration (Hours) | P2: Percentage | Q2: Duration (Days) | R2: Duration (Hours) | S2: Percentage | W2: Days | X2: BA | Y2: PM | Z2: Dev
B3: R1 | C3: Beatrix | D3: BA | E3: 40 | G3: 1 | H3: Requirement Gathering & Analysis | I3: T001 | J3: Stakeholder Interviews | K3: 2 | L3: 1 | M3: =L3/8 -> 0.125 | N3: 5 | O3: 2 | P3: =O3/8 -> 0.25 | Q3: 10 | R3: 4 | S3: =R3/8 -> 0.5 | V3: Low | W3: =K15 -> 27 | X3: =L15 -> 14.5
B4: R2 | C4: Herindra | D4: BA | E4: 40 | H4: Requirement Gathering & Analysis | I4: T002 | J4: Requirements Documentation | K4: 2 | L4: 2 | M4: =L4/8 -> 0.25 | N4: 5 | O4: 3 | P4: =O4/8 -> 0.375 | Q4: 10 | R4: 4 | S4: =R4/8 -> 0.5 | V4: medium | W4: =N15 -> 72 | X4: =O15 -> 19
B5: R3 | C5: Care BA | D5: BA | E5: 40 | G5: 2 | H5: Design | I5: T003 | J5: UI/UX Design | K5: 3 | L5: 1 | M5: =L5/8 -> 0.125 | N5: 7 | O5: 2 | P5: =O5/8 -> 0.25 | Q5: 7 | R5: 3 | S5: =R5/8 -> 0.375 | V5: High | W5: =Q15 -> 102 | X5: =R15 -> 30
B6: R4 | C6: Azdan | D6: BA | E6: 40 | H6: Design | I6: T004 | J6: System Functional Design | K6: 1 | L6: 1 | M6: =L6/8 -> 0.125 | N6: 5 | O6: 1 | P6: =O6/8 -> 0.125 | Q6: 7 | R6: 2 | S6: =R6/8 -> 0.25
B7: R5 | C7: Laili | D7: BA | E7: 40 | G7: 3 | H7: Implementation | I7: T005 | J7: Test Case Creation | K7: 2 | L7: 2 | M7: =L7/8 -> 0.25 | N7: 3 | O7: 2 | P7: =O7/8 -> 0.25 | Q7: 5 | R7: 4 | S7: =R7/8 -> 0.5
B8: R6 | C8: Cici | D8: PM | E8: 40 | H8: Implementation | I8: T006 | J8: Frontend & Backend Development | K8: 10 | L8: 1 | M8: =L8/8 -> 0.125 | N8: 20 | O8: 1 | P8: =O8/8 -> 0.125 | Q8: 30 | R8: 4 | S8: =R8/8 -> 0.5
B9: R7 | C9: Yosy | D9: PM | E9: 40 | G9: 4 | H9: Testing | I9: T007 | J9: Integration Testing | K9: 2 | L9: 2 | M9: =L9/8 -> 0.25 | N9: 5 | O9: 2 | P9: =O9/8 -> 0.25 | Q9: 8 | R9: 3 | S9: =R9/8 -> 0.375
I10: T008 | J10: User Acceptance Test | K10: 2 | L10: 3 | M10: =L10/8 -> 0.375 | N10: 5 | O10: 3 | P10: =O10/8 -> 0.375 | Q10: 8 | R10: 3 | S10: =R10/8 -> 0.375
G11: 5 | H11: Deployment | I11: T009 | J11: Deployment to Production | K11: 2 | L11: 1 | M11: =L11/8 -> 0.125 | N11: 2 | O11: 2 | P11: =O11/8 -> 0.25 | Q11: 2 | R11: 2 | S11: =R11/8 -> 0.25
G12: 6 | H12: Maintenance | J12: Post-Deployment Support | K12: 1 | L12: 0.5 | M12: =L12/8 -> 0.0625 | N12: 15 | O12: 1 | P12: =O12/8 -> 0.125 | Q12: 15 | R12: 1 | S12: =R12/8 -> 0.125
G13: 7 | H13: Idle | J13: Idle | K13: 0 | L13: 0 | M13: =L13/8 -> 0 | N13: 0 | O13: 0 | P13: =O13/8 -> 0 | Q13: 0 | R13: 0 | S13: =R13/8 -> 0
G14: 8 | H14: Completed | J14: Completed | K14: 0 | L14: 0 | M14: =L14/8 -> 0 | N14: 0 | O14: 0 | P14: 0 | Q14: 0 | R14: 0 | S14: 0
J15: Estimation Effort | K15: =SUM(K3:K12) -> 27 | L15: =SUM(L3:L12) -> 14.5 | N15: =SUM(N3:N12) -> 72 | O15: =SUM(O3:O12) -> 19 | Q15: =SUM(Q3:Q12) -> 102 | R15: =SUM(R3:R12) -> 30
J16: 1 cycle of activity | K16: =(K15*L15)/8/20 -> 2.446875 | N16: =(N15*O15)/8/20 -> 8.55 | Q16: =(Q15*R15)/8/20 -> 19.125
B21: Resource Cost | C21: Cost | E21: Per day cost | F21: Per hour cost
B22: CARE BA | C22: 2000000 | E22: =C22/20 -> 100000 | F22: =E22/8 -> 12500
B23: Herindra | C23: 2500000 | E23: =C23/20 -> 125000 | F23: =E23/8 -> 15625
B24: Beatrix | C24: 1000000 | E24: =C24/20 -> 50000 | F24: =E24/8 -> 6250
B25: Azdan | C25: 2100000 | E25: =C25/20 -> 105000 | F25: =E25/8 -> 13125
B26: Laili | C26: 1900000 | E26: =C26/20 -> 95000 | F26: =E26/8 -> 11875
